Date,Scheduled Match,Game,home team,away team,h,a,y1,y2,set1,set2,settot,set4/5,diffy,diffset,align,ds,dg,won1,won2,bp1,bp2,atttot1,atttot2,atterr1,atterr2,attper1,attper2,atteff1,atteff2,sertot1,sertot2,serace1,serace2,sererr1,sererr2,sereff1,sereff2,deftot1,deftot2,deferr1,deferr2,defneg1,defneg2,defper1,defper2,defeff1,defeff2,blo1,blo2,bloinv1,bloinv2,bloper1,bloper2
14/10/2017,1,1,Casalmaggiore,Conegliano,3,4,60,75,0,3,3,0,-15,-3,1,0,0,4,-11,18,33,87,91,8,9,35,42,0.310344828,0.362637363,63,71,0,6,11,10,-0.174603175,-0.056338028,61,52,9,4,17,14,19,21,0.163934426,0.326923077,7,5,1,0,5,7
14/10/2017,1,2,Novara,Busto Arsizio,8,2,113,108,3,2,5,1,5,1,1,1,1,54,57,30,23,159,139,11,8,71,61,0.377358491,0.381294964,112,109,5,7,15,18,-0.089285714,-0.100917431,91,97,9,10,20,20,35,37,0.285714286,0.278350515,12,8,0,0,8,12
14/10/2017,1,3,Piacenza,Scandicci,10,12,40,75,0,3,3,0,-35,-3,1,0,0,22,30,4,37,81,81,1,4,24,42,0.283950617,0.469135802,41,74,0,10,3,8,-0.073170732,0.027027027,66,38,14,2,17,11,10,8,-0.060606061,0.157894737,15,2,14,7,2,15
15/10/2017,1,4,San Casciano,Monza,11,7,96,94,3,1,4,1,2,2,1,0,1,24,38,27,18,151,147,11,9,59,55,0.317880795,0.31292517,94,94,6,4,13,11,-0.074468085,-0.074468085,83,81,7,7,12,13,56,48,0.590361446,0.50617284,4,7,1,2,7,4
15/10/2017,1,5,Filottrano,Pesaro,5,9,95,74,3,1,4,1,21,2,1,0,1,10,22,30,18,142,146,11,10,51,41,0.281690141,0.212328767,94,75,3,3,7,8,-0.042553191,-0.066666667,67,87,8,6,14,25,25,24,0.253731343,0.206896552,6,18,0,0,18,6
15/10/2017,1,6,Legnano,Bergamo,6,1,75,48,3,0,3,0,27,3,1,0,1,33,26,27,9,83,96,3,7,39,29,0.43373494,0.229166667,73,50,4,1,6,3,-0.02739726,-0.04,47,67,5,8,13,13,10,15,0.106382979,0.104477612,5,17,9,11,17,15
25/10/2017,2,7,Conegliano,San Casciano,4,11,104,99,3,1,4,1,5,2,1,0,1,48,46,31,25,146,153,10,4,63,60,0.363013699,0.366013072,103,100,4,3,11,14,-0.067961165,-0.11,86,92,11,11,10,13,18,19,0.081395349,0.086956522,8,12,24,18,12,8
22/10/2017,2,8,Bergamo,Piacenza,1,10,86,98,1,3,4,1,-12,-2,1,0,0,40,44,18,26,130,128,8,10,45,50,0.284615385,0.3125,87,97,2,1,13,13,-0.126436782,-0.12371134,84,74,5,4,16,23,29,22,0.285714286,0.243243243,19,11,18,23,11,19
21/10/2017,2,9,Scandicci,Casalmaggiore,12,3,75,55,3,0,3,0,20,3,1,0,1,-22,-15,38,30,84,91,3,9,39,27,0.428571429,0.197802198,73,59,6,11,7,12,-0.01369863,-0.016949153,47,66,12,9,8,21,13,18,0.021276596,0.136363636,7,9,0,0,9,7
21/10/2017,2,10,Busto Arsizio,Filottrano,2,5,99,83,3,0,3,0,16,3,1,0,1,11,20,27,6,135,116,12,5,62,31,0.37037037,0.224137931,73,57,3,1,5,2,-0.02739726,-0.01754386,55,68,2,3,11,16,35,29,0.6,0.382352941,6,3,0,0,3,6
22/10/2017,2,11,Monza,Legnano,7,6,99,83,3,1,4,1,16,2,1,0,1,53,42,29,20,157,149,13,8,63,54,0.318471338,0.308724832,94,85,6,0,7,5,-0.010638298,-0.058823529,80,87,3,7,23,22,36,26,0.4125,0.218390805,8,13,0,0,13,8
22/10/2017,2,12,Pesaro,Novara,9,8,57,75,0,3,3,0,-18,-3,1,0,0,15,-10,14,37,95,98,5,9,29,44,0.252631579,0.357142857,58,74,2,7,7,8,-0.086206897,-0.013513514,66,51,10,2,12,7,33,31,0.348484848,0.568627451,10,8,0,0,8,10
29/10/2017,3,13,Bergamo,Casalmaggiore,1,3,79,96,1,3,4,1,-17,-2,1,0,0,15,19,15,23,129,126,9,9,42,58,0.255813953,0.388888889,79,94,2,3,6,11,-0.050632911,-0.085106383,83,73,8,8,7,13,39,22,0.373493976,0.191780822,13,11,0,0,11,13
28/10/2017,3,14,Piacenza,Busto Arsizio,10,2,98,108,2,3,5,1,-10,-1,1,1,0,-1,-13,35,49,163,167,13,18,57,63,0.26993865,0.269461078,99,107,2,6,10,11,-0.080808081,-0.046728972,96,89,8,3,11,11,43,36,0.364583333,0.370786517,16,10,0,0,10,16
29/10/2017,3,15,San Casciano,Novara,11,8,50,75,0,3,3,0,-25,-3,1,0,0,23,10,4,20,104,103,7,5,28,48,0.201923077,0.417475728,52,73,1,1,8,8,-0.134615385,-0.095890411,65,44,4,2,36,6,39,26,0.538461538,0.545454545,7,8,3,0,8,7
28/10/2017,3,16,Monza,Scandicci,7,12,73,90,1,3,4,1,-17,-2,1,0,0,17,16,16,17,135,128,11,6,43,47,0.237037037,0.3203125,74,89,6,3,11,9,-0.067567568,-0.06741573,80,63,8,8,16,15,37,16,0.3625,0.126984127,14,7,0,0,7,14
29/10/2017,3,17,Filottrano,Conegliano,5,4,55,76,0,3,3,0,-21,-3,1,0,0,8,-2,17,48,94,118,10,12,28,46,0.191489362,0.288135593,57,74,0,9,5,8,-0.087719298,0.013513514,66,52,15,2,16,8,16,25,0.015151515,0.442307692,5,4,0,0,4,5
28/10/2017,3,18,Legnano,Pesaro,6,9,88,93,1,3,4,1,-5,-2,1,0,0,48,50,22,17,159,154,10,9,54,56,0.27672956,0.305194805,92,89,5,4,7,7,-0.02173913,-0.033707865,82,85,10,11,16,17,19,19,0.109756098,0.094117647,7,11,24,19,11,7
05/11/2017,4,19,Conegliano,Legnano,4,6,75,62,3,0,3,0,13,3,1,0,1,38,30,19,11,105,108,9,10,47,32,0.361904762,0.203703704,74,63,4,3,9,7,-0.067567568,-0.063492063,56,65,3,7,10,16,13,9,0.178571429,0.030769231,6,6,17,14,6,6
04/11/2017,4,20,Casalmaggiore,Monza,3,7,78,95,1,3,4,1,-17,-2,1,0,0,32,45,15,28,136,150,4,12,42,65,0.279411765,0.353333333,79,94,5,5,10,13,-0.063291139,-0.085106383,81,69,13,8,27,9,18,39,0.061728395,0.449275362,11,6,0,0,6,11
05/11/2017,4,21,Novara,Filottrano,8,5,94,81,3,1,4,1,13,2,1,0,1,47,41,37,12,153,136,14,3,69,47,0.359477124,0.323529412,93,82,5,4,10,8,-0.053763441,-0.048780488,74,83,7,11,18,20,32,19,0.337837838,0.096385542,4,6,0,0,6,4
04/11/2017,4,22,Busto Arsizio,Bergamo,2,1,106,74,3,1,4,1,32,2,1,0,1,43,38,32,9,167,159,5,8,70,46,0.389221557,0.238993711,103,74,4,1,13,10,-0.087378641,-0.121621622,64,91,2,9,8,18,45,54,0.671875,0.494505495,6,9,0,0,9,6
05/11/2017,4,23,San Casciano,Scandicci,11,12,44,75,0,3,3,0,-31,-3,1,0,0,24,25,8,21,105,91,12,4,30,41,0.171428571,0.406593407,46,73,1,5,6,4,-0.108695652,0.01369863,69,40,8,3,8,6,43,25,0.507246377,0.55,6,2,0,1,2,6
05/11/2017,4,24,Pesaro,Piacenza,9,10,109,110,2,3,5,1,-1,-1,1,1,0,50,57,24,22,181,178,11,12,64,73,0.29281768,0.342696629,110,108,5,2,6,10,-0.009090909,-0.074074074,98,104,3,10,19,19,56,47,0.540816327,0.355769231,12,11,0,0,11,12
12/11/2017,5,25,Casalmaggiore,Pesaro,3,9,61,77,0,3,3,0,-16,-3,1,0,0,34,33,15,22,109,111,5,4,38,47,0.302752294,0.387387387,61,75,4,4,8,5,-0.06557377,-0.013333333,70,53,6,6,12,6,30,29,0.342857143,0.433962264,8,8,0,0,8,8
15/11/2017,5,26,Bergamo,Conegliano,1,4,79,97,1,3,4,1,-18,-2,1,0,0,28,43,10,29,131,136,4,12,35,63,0.236641221,0.375,80,96,3,3,9,15,-0.075,-0.125,81,71,7,6,12,6,40,38,0.407407407,0.450704225,15,11,0,0,11,15
15/11/2017,5,27,Piacenza,Novara,10,8,62,75,0,3,3,0,-13,-3,1,0,0,21,25,5,10,99,85,8,5,36,41,0.282828283,0.423529412,63,73,0,1,9,7,-0.142857143,-0.082191781,66,54,2,0,3,4,35,28,0.5,0.518518519,10,10,0,0,10,10
12/11/2017,5,28,Scandicci,Filottrano,12,5,75,54,3,0,3,0,21,3,1,0,1,24,21,38,21,102,109,8,4,47,34,0.382352941,0.275229358,74,55,5,0,3,8,0.027027027,-0.145454545,47,71,0,6,15,19,11,16,0.234042553,0.14084507,8,10,0,0,10,8
12/11/2017,5,29,Monza,Busto Arsizio,7,2,89,87,1,3,4,1,2,-2,0,0,0,46,44,20,22,150,142,9,8,55,54,0.306666667,0.323943662,90,86,6,2,10,5,-0.044444444,-0.034883721,81,80,5,12,17,14,34,24,0.358024691,0.15,11,13,0,0,13,11
11/11/2017,5,30,Legnano,San Casciano,6,11,97,96,3,1,4,1,1,2,1,0,1,44,44,17,13,148,139,10,8,58,53,0.324324324,0.323741007,95,97,2,3,12,11,-0.105263158,-0.082474227,86,83,5,7,18,18,46,45,0.476744186,0.457831325,11,11,0,0,11,11
18/11/2017,6,31,Conegliano,Monza,4,7,75,51,3,0,3,0,24,3,1,0,1,28,31,30,9,103,104,4,6,43,31,0.378640777,0.240384615,74,52,4,4,6,10,-0.027027027,-0.115384615,42,68,6,11,6,10,12,17,0.142857143,0.088235294,5,11,17,18,11,5
19/11/2017,6,32,Novara,Bergamo,8,1,75,56,3,0,3,0,19,3,1,0,1,24,24,23,10,99,100,7,12,41,33,0.343434343,0.21,74,57,4,1,9,11,-0.067567568,-0.175438596,46,65,2,8,9,15,24,23,0.47826087,0.230769231,5,4,0,0,4,5
19/11/2017,6,33,Busto Arsizio,Legnano,2,6,80,52,3,0,3,0,28,3,1,0,1,33,31,26,6,118,120,10,10,52,32,0.355932203,0.183333333,78,54,1,1,7,6,-0.076923077,-0.092592593,48,71,1,3,12,19,23,32,0.458333333,0.408450704,2,12,0,0,12,2
19/11/2017,6,34,San Casciano,Casalmaggiore,11,3,109,102,3,2,5,1,7,1,1,1,1,51,41,32,22,180,153,10,8,71,56,0.338888889,0.31372549,108,101,8,7,12,8,-0.037037037,-0.00990099,92,96,8,10,8,25,56,47,0.52173913,0.385416667,12,9,0,0,9,12
19/11/2017,6,35,Filottrano,Piacenza,5,10,58,75,0,3,3,0,-17,-3,1,0,0,44,47,8,20,92,93,6,10,31,47,0.27173913,0.397849462,60,73,0,1,12,10,-0.2,-0.123287671,63,48,2,1,12,8,26,20,0.380952381,0.395833333,9,7,0,0,7,9
19/11/2017,6,36,Pesaro,Scandicci,9,12,92,106,2,3,5,1,-14,-1,1,1,0,81,72,21,45,172,169,8,8,56,64,0.279069767,0.331360947,93,105,3,5,11,9,-0.086021505,-0.038095238,96,82,9,5,15,23,50,35,0.427083333,0.365853659,14,9,0,0,9,14
22/11/2017,7,37,Casalmaggiore,Filottrano,3,5,75,49,3,0,3,0,26,3,1,0,1,29,22,35,8,103,98,5,4,53,29,0.466019417,0.255102041,73,51,6,1,9,5,-0.04109589,-0.078431373,46,64,1,10,6,9,24,26,0.5,0.25,5,6,0,0,6,5
22/11/2017,7,38,Bergamo,San Casciano,1,11,111,113,3,2,5,1,-2,1,0,1,1,53,66,18,26,168,186,7,18,60,78,0.31547619,0.322580645,109,112,3,3,6,12,-0.027522936,-0.080357143,100,103,4,9,12,0,53,61,0.49,0.504854369,15,11,0,0,11,15
22/11/2017,7,39,Piacenza,Legnano,10,6,110,101,3,2,5,1,9,1,1,1,1,50,45,28,25,174,179,13,8,62,54,0.281609195,0.25698324,110,101,3,3,13,11,-0.090909091,-0.079207921,90,97,8,14,17,22,26,18,0.2,0.041237113,13,13,25,26,13,13
22/11/2017,7,40,Scandicci,Novara,12,8,64,77,0,3,3,0,-13,-3,1,0,0,30,35,14,19,126,122,14,7,39,51,0.198412698,0.360655738,66,75,5,3,4,5,0.015151515,-0.026666667,70,62,8,8,19,10,21,20,0.185714286,0.193548387,4,6,0,0,6,4
22/11/2017,7,41,Busto Arsizio,Conegliano,2,4,103,113,2,3,5,1,-10,-1,1,1,0,53,68,20,27,179,175,17,12,60,72,0.240223464,0.342857143,104,112,1,3,7,14,-0.057692308,-0.098214286,98,97,5,3,20,15,34,50,0.295918367,0.484536082,13,16,0,0,16,13
22/11/2017,7,42,Monza,Pesaro,7,9,104,109,2,3,5,1,-5,-1,1,1,0,54,41,28,24,197,183,15,8,74,62,0.299492386,0.295081967,103,108,3,1,11,11,-0.077669903,-0.092592593,97,92,8,6,18,20,38,34,0.309278351,0.304347826,12,4,0,0,4,12
26/11/2017,8,43,Conegliano,Piacenza,4,10,104,89,2,3,5,1,15,-1,0,1,0,36,31,48,34,138,140,6,8,67,53,0.442028986,0.321428571,104,89,3,4,14,9,-0.105769231,-0.056179775,80,90,8,9,14,12,23,27,0.1875,0.2,8,14,3,1,14,8
25/11/2017,8,44,Novara,Casalmaggiore,8,3,110,108,3,2,5,1,2,1,1,1,1,62,64,40,32,148,154,11,6,74,73,0.425675676,0.435064935,110,108,5,5,8,16,-0.027272727,-0.101851852,92,102,10,9,12,36,43,21,0.358695652,0.117647059,10,6,0,0,6,10
27/11/2017,8,45,San Casciano,Busto Arsizio,11,2,99,102,2,3,5,1,-3,-1,1,1,0,40,37,24,23,189,187,19,10,56,54,0.195767196,0.235294118,98,102,6,3,9,6,-0.030612245,-0.029411765,96,89,5,8,16,13,65,59,0.625,0.573033708,8,14,1,0,14,8
26/11/2017,8,46,Filottrano,Monza,5,7,82,90,1,3,4,1,-8,-2,1,0,0,30,39,21,27,120,144,10,13,40,55,0.25,0.291666667,82,89,3,8,5,14,-0.024390244,-0.06741573,75,77,10,3,17,17,23,29,0.173333333,0.337662338,10,10,2,1,10,10
26/11/2017,8,47,Pesaro,Bergamo,9,1,75,55,3,0,3,0,20,3,1,0,1,30,31,18,13,96,120,4,8,37,33,0.34375,0.208333333,74,56,1,2,10,9,-0.121621622,-0.125,47,64,2,1,4,9,29,42,0.574468085,0.640625,5,14,0,0,15,5
26/11/2017,8,48,Legnano,Scandicci,6,12,51,75,0,3,3,0,-24,-3,1,0,0,28,25,33,11,97,122,5,6,43,30,0.391752577,0.196721311,74,52,3,2,5,6,-0.027027027,-0.027027027,46,69,5,5,7,16,12,12,0.152173913,0.101449275,4,15,0,0,15,4
02/12/2017,9,49,Bergamo,Filottrano,1,5,99,87,3,1,4,1,12,2,1,0,1,32,20,44,37,155,154,10,11,56,42,0.296774194,0.201298701,98,88,3,0,13,9,-0.102040816,-0.102272727,79,85,2,6,9,11,24,23,0.278481013,0.2,15,17,2,4,17,15
03/12/2017,9,50,Piacenza,San Casciano,10,11,75,94,1,3,4,1,-19,-2,1,0,0,33,37,14,25,116,116,8,9,44,50,0.310344828,0.353448276,76,94,4,11,8,7,-0.052631579,0.042553191,87,68,15,6,24,12,12,16,-0.034482759,0.147058824,15,10,0,0,10,15
03/12/2017,9,51,Scandicci,Conegliano,12,4,93,99,1,3,4,1,-6,-2,1,0,0,42,53,17,24,133,158,10,13,53,72,0.323308271,0.373417722,92,99,4,4,4,12,0,-0.080808081,87,88,9,6,24,16,21,33,0.137931034,0.306818182,6,9,0,0,9,6
03/12/2017,9,52,Busto Arsizio,Pesaro,2,9,76,62,3,0,3,0,14,3,1,0,1,32,32,25,10,88,94,11,10,39,34,0.318181818,0.255319149,69,62,6,2,10,11,-0.057971014,-0.14516129,51,59,2,7,8,11,24,25,0.431372549,0.305084746,2,6,0,0,6,2
03/12/2017,9,53,Monza,Novara,7,8,114,114,3,2,5,1,0,1,0,1,1,43,38,44,50,167,159,13,11,70,67,0.341317365,0.352201258,114,114,6,4,11,15,-0.043859649,-0.096491228,99,103,9,14,16,17,32,35,0.232323232,0.203883495,17,11,0,0,11,17
03/12/2017,9,54,Legnano,Casalmaggiore,6,3,106,112,3,2,5,1,-6,1,0,1,1,50,42,23,26,146,135,10,6,62,59,0.356164384,0.392592593,101,107,9,8,12,9,-0.02970297,-0.009345794,98,89,11,14,26,22,39,37,0.285714286,0.258426966,11,10,0,0,10,11
08/12/2017,10,55,Casalmaggiore,Busto Arsizio,3,2,98,99,2,3,5,1,-1,-1,1,1,0,41,48,17,20,173,179,8,21,54,60,0.265895954,0.217877095,98,98,2,5,9,7,-0.071428571,-0.020408163,91,89,11,3,27,24,30,42,0.208791209,0.438202247,15,10,0,0,10,15
09/12/2017,10,56,Novara,Conegliano,8,4,98,99,2,3,5,1,-1,-1,1,1,0,51,46,21,28,146,152,12,5,65,57,0.363013699,0.342105263,104,100,3,14,9,17,-0.057692308,-0.03,83,95,17,8,10,11,26,29,0.108433735,0.221052632,9,12,0,0,12,9
10/12/2017,10,57,Scandicci,Bergamo,12,1,114,97,3,2,5,1,17,1,1,1,1,51,51,29,16,172,184,9,12,67,60,0.337209302,0.260869565,113,98,7,3,8,9,-0.008849558,-0.06122449,89,105,8,8,11,21,28,27,0.224719101,0.180952381,13,15,0,0,15,13
10/12/2017,10,58,Monza,Piacenza,7,10,111,111,2,3,5,1,0,-1,0,1,0,53,52,24,19,161,161,10,10,62,62,0.322981366,0.322981366,112,110,12,5,19,15,-0.0625,-0.090909091,95,93,8,15,13,18,37,27,0.305263158,0.129032258,14,9,0,0,9,14
10/12/2017,10,59,Filottrano,Legnano,5,6,108,103,2,3,5,1,5,-1,0,1,0,43,44,19,23,193,194,16,14,57,66,0.212435233,0.268041237,108,102,3,0,9,9,-0.055555556,-0.088235294,93,99,3,5,19,34,44,20,0.440860215,0.151515152,11,22,0,1,22,11
10/12/2017,10,60,Pesaro,San Casciano,9,11,104,96,3,2,5,1,8,1,1,1,1,51,47,26,29,174,163,6,7,67,59,0.350574713,0.319018405,102,96,3,7,10,8,-0.068627451,-0.010416667,88,92,10,7,21,6,40,54,0.340909091,0.510869565,10,7,0,0,7,10
16/12/2017,11,61,Conegliano,Pesaro,4,9,75,61,3,0,3,0,14,3,1,0,1,31,31,21,8,97,104,9,8,39,34,0.309278351,0.25,72,60,10,3,7,5,0.041666667,-0.033333333,55,65,4,10,1,1,28,27,0.436363636,0.261538462,4,8,0,0,8,4
17/12/2017,11,62,Bergamo,Monza,1,7,91,94,1,3,4,1,-3,-2,1,0,0,39,40,17,22,135,158,5,13,50,56,0.333333333,0.272151899,89,91,2,2,8,11,-0.06741573,-0.098901099,80,81,6,4,8,9,37,42,0.3875,0.469135802,12,10,0,0,10,12
17/12/2017,11,63,Piacenza,Casalmaggiore,10,3,98,82,3,1,4,1,16,2,1,0,1,45,39,33,14,141,134,10,11,61,45,0.361702128,0.253731343,97,82,9,6,10,10,-0.010309278,-0.048780488,72,87,8,13,11,24,20,7,0.166666667,-0.068965517,10,5,0,1,5,10
16/12/2017,11,64,Busto Arsizio,Scandicci,2,12,96,106,2,3,5,1,-10,-1,1,1,0,54,42,27,18,203,161,15,11,75,58,0.295566502,0.291925466,98,106,2,2,9,5,-0.071428571,-0.028301887,101,89,3,7,18,18,48,36,0.445544554,0.325842697,21,4,0,0,4,21
17/12/2017,11,65,San Casciano,Filottrano,11,5,75,62,3,0,3,0,13,3,1,0,1,33,26,19,10,101,96,5,7,45,35,0.396039604,0.291666667,72,64,5,1,12,6,-0.097222222,-0.078125,58,60,4,6,9,14,34,27,0.517241379,0.35,5,6,0,0,6,5
17/12/2017,11,66,Legnano,Novara,6,8,62,77,0,3,3,0,-15,-3,1,0,0,31,37,10,17,101,97,9,6,39,50,0.297029703,0.453608247,60,74,0,1,7,10,-0.116666667,-0.121621622,64,53,7,2,16,18,29,23,0.34375,0.396226415,7,3,0,0,3,7
26/12/2017,12,67,Conegliano,Casalmaggiore,4,3,99,77,3,1,4,1,22,2,1,0,1,48,43,29,15,114,136,6,8,55,50,0.429824561,0.308823529,98,78,9,4,10,8,-0.010204082,-0.051282051,70,88,9,10,16,32,14,18,0.071428571,0.090909091,4,13,2,1,13,4
26/12/2017,12,68,Busto Arsizio,Novara,2,8,66,76,0,3,3,0,-10,-3,1,0,0,42,48,6,13,112,111,8,8,46,54,0.339285714,0.414414414,67,75,1,3,4,5,-0.044776119,-0.026666667,70,63,3,1,15,12,42,27,0.557142857,0.412698413,5,4,0,0,4,5
26/12/2017,12,69,Scandicci,Piacenza,12,10,75,56,3,0,3,0,19,3,1,0,1,23,28,28,12,91,102,4,11,38,32,0.373626374,0.205882353,74,57,6,4,6,10,0,-0.105263158,47,68,7,10,11,19,10,19,0.063829787,0.132352941,8,9,0,0,9,8
26/12/2017,12,70,Monza,San Casciano,7,11,75,55,3,0,3,0,20,3,1,0,1,27,25,17,6,96,96,8,10,39,27,0.322916667,0.177083333,73,57,4,3,7,7,-0.04109589,-0.070175439,50,66,4,8,5,9,22,22,0.36,0.212121212,7,12,0,0,12,7
26/12/2017,12,71,Pesaro,Filottrano,9,5,98,80,3,1,4,1,18,2,1,0,1,41,32,26,15,121,108,9,5,60,39,0.421487603,0.314814815,91,74,3,5,17,5,-0.153846154,0,69,74,7,5,6,13,39,41,0.463768116,0.486486486,3,12,0,0,12,3
26/12/2017,12,72,Bergamo,Legnano,1,6,75,62,3,0,3,0,13,3,1,0,1,37,37,16,8,98,101,6,7,50,39,0.448979592,0.316831683,73,64,0,3,6,8,-0.082191781,-0.078125,56,67,5,3,5,3,23,34,0.321428571,0.462686567,6,9,0,0,9,6
07/01/2018,13,73,San Casciano,Conegliano,11,4,71,97,1,3,4,1,-26,-2,1,0,0,35,38,15,27,143,127,14,1,44,59,0.20979021,0.456692913,68,96,5,3,5,10,0,-0.072916667,86,63,11,6,16,6,31,21,0.23255814,0.238095238,13,6,0,0,6,13
07/01/2018,13,74,Piacenza,Bergamo,10,1,81,69,3,0,3,0,12,3,1,0,1,33,34,20,11,106,97,5,6,45,42,0.377358491,0.371134021,78,69,7,1,9,11,-0.025641026,-0.144927536,58,69,2,8,6,9,30,31,0.482758621,0.333333333,10,7,0,0,7,10
06/01/2018,13,75,Casalmaggiore,Scandicci,3,12,90,83,3,1,4,1,7,2,1,0,1,32,32,24,21,148,153,10,14,53,44,0.290540541,0.196078431,90,84,3,7,11,10,-0.088888889,-0.035714286,74,79,9,5,19,18,23,28,0.189189189,0.291139241,9,6,0,0,6,9
07/01/2018,13,76,Filottrano,Busto Arsizio,5,2,102,103,3,2,5,1,-1,1,0,1,1,55,58,21,16,194,186,11,10,66,71,0.283505155,0.327956989,102,104,7,3,4,7,0.029411765,-0.038461538,97,98,8,15,24,38,29,11,0.216494845,-0.040816327,13,12,0,0,12,13
07/01/2018,13,77,Legnano,Monza,6,7,51,75,0,3,3,0,-24,-3,1,0,0,24,33,9,30,80,96,4,6,27,47,0.2875,0.427083333,53,73,2,6,4,11,-0.037735849,-0.068493151,62,49,16,5,13,5,16,25,0,0.408163265,10,4,16,12,4,10
07/01/2018,13,78,Novara,Pesaro,8,9,108,111,3,2,5,1,-3,1,0,1,1,46,48,25,24,174,167,12,10,62,62,0.287356322,0.311377246,108,111,6,5,7,11,-0.009259259,-0.054054054,100,101,15,15,20,15,30,44,0.15,0.287128713,19,11,0,0,11,19
14/01/2018,14,79,Casalmaggiore,Bergamo,3,1,98,106,2,3,5,1,-8,-1,1,1,0,53,49,16,23,157,160,14,11,59,66,0.286624204,0.34375,99,104,4,2,7,13,-0.03030303,-0.105769231,91,92,5,8,15,14,51,40,0.505494505,0.347826087,11,11,0,0,11,11
13/01/2018,14,80,Busto Arsizio,Piacenza,2,10,98,81,3,1,4,1,17,2,1,0,1,38,36,25,13,152,154,19,12,55,48,0.236842105,0.233766234,97,82,7,1,7,11,0,-0.12195122,71,90,2,12,19,19,31,36,0.408450704,0.266666667,4,12,0,0,12,4
14/01/2018,14,81,Novara,San Casciano,8,11,75,57,3,0,3,0,18,3,1,0,1,36,27,21,11,97,93,7,9,49,33,0.432989691,0.258064516,73,60,1,0,11,5,-0.136986301,-0.083333333,55,62,6,7,5,15,27,19,0.381818182,0.193548387,3,8,0,0,8,3
14/01/2018,14,82,Scandicci,Monza,12,7,91,89,3,1,4,1,2,2,1,0,1,40,45,14,26,124,146,8,11,50,59,0.338709677,0.328767123,90,90,1,4,11,15,-0.111111111,-0.122222222,75,79,9,6,14,11,26,33,0.226666667,0.341772152,4,13,0,0,13,4
14/01/2018,14,83,Conegliano,Filottrano,4,5,78,64,3,0,3,0,14,3,1,0,1,34,31,26,14,103,97,5,6,50,42,0.436893204,0.371134021,76,66,5,2,6,9,-0.013157895,-0.106060606,57,70,6,11,2,0,21,27,0.263157895,0.228571429,7,6,0,0,6,7
14/01/2018,14,84,Pesaro,Legnano,9,6,75,49,3,0,3,0,26,3,1,0,1,23,24,23,16,77,87,3,6,36,32,0.428571429,0.298850575,73,51,6,2,7,9,-0.01369863,-0.137254902,42,66,4,9,9,8,21,33,0.404761905,0.363636364,5,14,0,0,14,5
17/01/2018,15,85,Legnano,Conegliano,6,4,46,75,0,3,3,0,-29,-3,1,0,0,14,21,7,19,94,76,12,6,18,35,0.063829787,0.381578947,45,72,3,3,9,10,-0.133333333,-0.097222222,62,36,5,5,18,9,24,14,0.306451613,0.25,8,3,0,0,3,8
17/01/2018,15,86,Monza,Casalmaggiore,7,3,106,83,3,1,4,1,23,2,1,0,1,41,35,22,17,135,121,8,8,53,46,0.333333333,0.314049587,91,84,7,4,15,11,-0.087912088,-0.083333333,73,76,7,10,10,17,32,28,0.342465753,0.236842105,9,10,1,0,10,9
17/01/2018,15,87,Filottrano,Novara,5,8,106,109,3,2,5,1,-3,1,0,1,1,45,47,30,28,139,140,13,19,64,69,0.366906475,0.357142857,105,109,8,6,12,10,-0.038095238,-0.036697248,99,93,10,13,25,42,33,10,0.232323232,-0.032258065,8,5,0,0,5,8
17/01/2018,15,88,Bergamo,Busto Arsizio,1,2,107,99,3,2,5,1,8,1,1,1,1,47,46,22,18,148,156,9,10,61,57,0.351351351,0.301282051,106,100,3,5,10,7,-0.066037736,-0.02,93,96,9,9,8,5,32,46,0.247311828,0.385416667,16,20,0,0,20,16
18/01/2018,15,89,Scandicci,San Casciano,12,11,75,64,3,0,3,0,11,3,1,0,1,34,36,19,13,104,107,6,7,46,44,0.384615385,0.345794393,73,65,1,2,8,11,-0.095890411,-0.138461538,54,65,5,4,13,11,16,24,0.203703704,0.307692308,2,7,0,0,7,2
17/01/2018,15,90,Piacenza,Pesaro,10,9,75,49,3,0,3,0,26,3,1,0,1,26,21,23,4,117,110,5,5,47,25,0.358974359,0.181818182,51,73,0,2,2,7,-0.039215686,-0.068493151,66,49,5,3,15,11,23,7,0.272727273,0.081632653,13,8,0,0,8,13
20/01/2018,16,91,Pesaro,Casalmaggiore,9,3,94,85,3,1,4,1,9,2,1,0,1,45,41,26,27,127,149,7,12,55,54,0.377952756,0.281879195,93,87,6,5,8,9,-0.021505376,-0.045977011,78,85,8,10,11,15,28,16,0.256410256,0.070588235,9,10,1,2,10,9
21/01/2018,16,92,Conegliano,Bergamo,4,1,99,76,3,1,4,1,23,2,1,0,1,38,31,30,14,131,123,10,7,62,41,0.396946565,0.276422764,98,77,3,3,13,8,-0.102040816,-0.064935065,69,85,4,6,2,4,38,24,0.492753623,0.211764706,6,15,0,0,15,6
21/01/2018,16,93,Novara,Piacenza,8,10,79,72,3,0,3,0,7,3,1,0,1,35,32,16,16,92,115,6,10,37,43,0.336956522,0.286956522,77,74,2,2,10,12,-0.103896104,-0.135135135,62,67,8,5,13,20,25,17,0.274193548,0.179104478,4,16,0,0,16,4
21/01/2018,16,94,Filottrano,Scandicci,5,12,75,97,1,3,4,1,-22,-2,1,0,0,37,35,13,29,151,137,12,12,49,59,0.245033113,0.343065693,76,96,1,4,10,3,-0.118421053,0.010416667,93,66,12,2,24,19,17,14,0.053763441,0.181818182,12,6,0,0,6,12
21/01/2018,16,95,Busto Arsizio,Monza,2,7,76,65,3,0,3,0,11,3,1,0,1,36,35,18,12,102,108,7,9,49,43,0.411764706,0.314814815,74,67,2,3,8,8,-0.081081081,-0.074626866,59,66,5,4,11,17,26,30,0.355932203,0.393939394,3,11,0,1,8,11
21/01/2018,16,96,San Casciano,Legnano,11,6,75,59,3,0,3,0,16,3,1,0,1,30,27,24,9,117,106,9,7,47,34,0.324786325,0.254716981,75,60,7,0,9,4,-0.026666667,-0.066666667,56,66,1,10,17,11,27,36,0.464285714,0.393939394,6,7,0,0,7,6
28/01/2018,17,97,Monza,Conegliano,7,4,96,84,3,1,4,1,12,2,1,0,1,36,38,17,10,140,138,10,12,50,48,0.285714286,0.260869565,95,85,1,1,9,16,-0.084210526,-0.176470588,69,86,3,5,6,10,33,39,0.434782609,0.395348837,12,8,0,0,11,3
28/01/2018,17,98,Bergamo,Novara,1,8,109,110,3,2,5,1,-1,1,0,1,1,61,61,22,22,164,161,10,15,66,68,0.341463415,0.329192547,106,108,2,3,11,8,-0.08490566,-0.046296296,100,95,7,7,9,5,39,51,0.32,0.463157895,13,9,0,0,9,13
27/01/2018,17,99,Legnano,Busto Arsizio,6,2,96,87,3,1,4,1,9,2,1,0,1,38,43,18,10,104,104,7,6,41,40,0.326923077,0.326923077,69,67,4,3,8,11,-0.057971014,-0.119402985,56,61,6,8,19,17,23,26,0.303571429,0.295081967,8,8,0,0,7,8
27/01/2018,17,100,Casalmaggiore,San Casciano,3,11,92,88,3,1,4,1,4,2,1,0,1,39,37,18,15,137,134,11,10,57,44,0.335766423,0.253731343,91,89,0,8,13,13,-0.142857143,-0.056179775,76,78,10,2,11,8,32,40,0.289473684,0.487179487,8,8,0,0,8,8
28/01/2018,17,101,Piacenza,Filottrano,10,5,75,66,3,0,3,0,9,3,1,0,1,37,38,22,17,104,96,3,3,48,42,0.432692308,0.40625,74,69,6,3,8,12,-0.027027027,-0.130434783,57,66,4,10,10,15,17,14,0.228070175,0.060606061,10,5,16,18,5,10
28/01/2018,17,102,Scandicci,Pesaro,12,9,75,46,3,0,3,0,29,3,1,0,1,27,24,24,5,84,101,4,10,39,28,0.416666667,0.178217822,74,47,5,1,2,8,0.040540541,-0.14893617,39,72,2,10,10,15,6,19,0.102564103,0.125,9,10,0,0,10,9
04/02/2018,18,103,Filottrano,Casalmaggiore,5,3,97,89,3,1,4,1,8,2,1,0,1,44,40,18,9,161,151,7,7,59,45,0.322981366,0.251655629,96,90,1,2,11,8,-0.104166667,-0.066666667,82,85,3,4,16,27,29,24,0.317073171,0.235294118,12,13,0,0,13,12
03/02/2018,18,104,San Casciano,Bergamo,11,1,85,79,3,0,3,0,6,3,1,0,1,48,44,20,11,149,140,13,7,63,51,0.33557047,0.314285714,84,80,5,2,8,5,-0.035714286,-0.0375,75,76,5,7,8,19,53,38,0.64,0.407894737,7,5,1,0,5,7
04/02/2018,18,105,Legnano,Piacenza,6,10,100,116,2,3,5,1,-16,-1,1,1,0,44,45,12,24,141,138,13,15,52,58,0.276595745,0.311594203,99,116,1,9,12,16,-0.111111111,-0.060344828,100,87,12,2,30,26,41,35,0.29,0.379310345,17,10,0,0,10,17
03/02/2018,18,106,Novara,Scandicci,8,12,77,63,3,0,3,0,14,3,1,0,1,39,36,22,14,110,11,4,5,51,40,0.427272727,3.181818182,75,65,1,5,7,9,-0.08,-0.061538462,56,68,9,4,11,13,17,26,0.142857143,0.323529412,6,6,0,0,6,6
04/02/2018,18,107,Conegliano,Busto Arsizio,4,2,75,53,3,0,3,0,22,3,1,0,1,26,27,29,10,87,95,6,8,37,29,0.356321839,0.221052632,73,55,7,2,7,11,0,-0.163636364,44,66,6,10,3,3,16,23,0.227272727,0.196969697,6,11,0,0,11,6
04/02/2018,18,108,Pesaro,Monza,9,7,100,103,2,3,5,1,-3,-1,1,1,0,43,49,13,22,136,170,11,13,53,64,0.308823529,0.3,100,103,2,5,9,17,-0.07,-0.116504854,86,91,8,4,17,19,43,45,0.406976744,0.450549451,10,12,1,1,12,10
10/02/2018,19,109,Piacenza,Conegliano,10,4,93,111,2,3,5,1,-18,-1,1,1,0,46,35,17,23,156,130,8,11,58,54,0.320512821,0.330769231,94,110,5,4,18,11,-0.138297872,-0.063636364,99,76,7,7,21,19,41,31,0.343434343,0.315789474,20,3,0,0,3,20
10/02/2018,19,110,Casalmaggiore,Novara,3,8,95,98,3,1,4,1,-3,2,0,0,1,47,49,17,20,156,150,13,5,61,63,0.307692308,0.386666667,95,98,3,5,9,13,-0.063157895,-0.081632653,85,86,7,6,19,23,41,37,0.4,0.360465116,6,13,0,0,13,6
11/02/2018,19,111,Busto Arsizio,San Casciano,2,11,95,81,3,1,4,1,14,2,1,0,1,53,59,26,19,146,149,13,16,58,51,0.308219178,0.234899329,94,82,3,2,6,9,-0.031914894,-0.085365854,73,88,3,6,14,15,32,37,0.397260274,0.352272727,8,8,0,0,8,8
10/02/2018,19,112,Monza,Filottrano,7,5,93,79,3,1,4,1,14,2,1,0,1,40,28,21,10,125,108,11,8,49,35,0.304,0.25,92,80,12,1,14,6,-0.02173913,-0.0625,74,78,2,15,15,15,34,27,0.432432432,0.153846154,13,12,0,0,12,13
11/02/2018,19,113,Bergamo,Pesaro,1,9,76,66,3,0,3,0,10,3,1,0,1,40,37,13,6,107,102,8,9,48,35,0.373831776,0.254901961,74,68,1,2,9,6,-0.108108108,-0.058823529,62,65,5,2,4,3,33,41,0.451612903,0.6,8,8,0,0,8,8
11/02/2018,19,114,Scandicci,Legnano,12,6,75,44,3,0,3,0,31,3,1,0,1,34,30,26,2,84,79,9,8,43,28,0.404761905,0.253164557,73,44,8,1,2,4,0.082191781,-0.068181818,40,69,1,15,6,11,17,16,0.4,0.014492754,3,9,13,8,9,3
25/02/2018,20,115,Filottrano,Bergamo,5,1,92,86,3,1,4,1,6,2,1,0,1,33,36,21,26,146,150,10,12,52,56,0.287671233,0.293333333,88,86,1,3,4,6,-0.034090909,-0.034883721,80,84,4,8,17,20,40,28,0.45,0.238095238,7,19,0,0,18,7
25/02/2018,20,116,San Casciano,Piacenza,11,10,77,66,3,0,3,0,11,3,1,0,1,38,36,8,12,123,131,9,12,44,41,0.284552846,0.221374046,76,68,1,4,8,6,-0.092105263,-0.029411765,62,68,8,2,7,10,36,44,0.451612903,0.617647059,2,9,0,0,9,2
25/02/2018,20,117,Conegliano,Scandicci,4,12,56,75,0,3,3,0,-19,-3,1,0,0,30,27,11,24,103,109,9,10,34,45,0.242718447,0.321100917,57,72,2,1,10,4,-0.140350877,-0.041666667,68,47,7,3,5,0,26,21,0.279411765,0.382978723,6,2,0,0,2,6
25/02/2018,20,118,Pesaro,Busto Arsizio,9,2,75,63,3,0,3,0,12,3,1,0,1,38,32,13,11,99,101,6,8,45,42,0.393939394,0.336633663,74,65,4,1,6,6,-0.027027027,-0.076923077,59,67,3,9,14,12,30,31,0.457627119,0.328358209,4,10,0,0,10,5
24/02/2018,20,119,Novara,Monza,8,7,97,75,3,1,4,1,22,2,1,0,1,37,29,28,19,125,126,9,8,57,40,0.384,0.253968254,96,76,6,7,9,11,-0.03125,-0.052631579,65,87,11,12,7,15,25,28,0.215384615,0.183908046,5,11,1,4,11,5
25/02/2018,20,120,Casalmaggiore,Legnano,3,6,109,108,3,2,5,1,1,1,1,1,1,51,56,28,20,173,164,9,13,72,70,0.36416185,0.347560976,109,107,7,4,9,8,-0.018348624,-0.037383178,99,100,8,15,22,17,43,42,0.353535354,0.27,13,8,0,0,8,13
05/03/2018,21,121,Busto Arsizio,Casalmaggiore,2,3,97,72,3,1,4,1,25,2,1,0,1,37,40,27,11,131,139,10,12,57,49,0.358778626,0.26618705,96,73,5,2,8,13,-0.03125,-0.150684932,60,88,2,7,10,24,31,35,0.483333333,0.318181818,2,9,0,0,9,2
04/03/2018,21,122,Conegliano,Novara,4,8,104,100,2,3,5,1,4,-1,0,1,0,54,49,32,18,157,138,10,9,67,59,0.363057325,0.362318841,106,99,12,2,12,11,0,-0.090909091,88,94,2,14,4,6,37,30,0.397727273,0.170212766,13,4,0,0,4,13
03/03/2018,21,123,Bergamo,Scandicci,1,12,83,98,1,3,4,1,-15,-2,1,0,0,47,60,12,31,145,156,4,12,56,73,0.35862069,0.391025641,84,97,0,2,6,6,-0.071428571,-0.041237113,91,78,9,3,12,5,41,41,0.351648352,0.487179487,12,7,0,0,7,12
04/03/2018,21,124,Piacenza,Monza,10,7,104,107,2,3,5,1,-3,-1,1,1,0,48,47,30,25,177,165,10,8,67,50,0.322033898,0.254545455,104,107,0,8,20,15,-0.192307692,-0.065420561,92,84,12,7,30,22,13,17,0.010869565,0.119047619,14,11,22,30,11,14
04/03/2018,21,125,Legnano,Filottrano,6,5,90,93,1,3,4,1,-3,-2,1,0,0,34,38,24,21,141,144,7,12,53,52,0.326241135,0.277777778,91,91,4,6,11,7,-0.076923077,-0.010989011,83,81,9,9,24,23,40,34,0.373493976,0.308641975,14,9,0,0,9,14
04/03/2018,21,126,San Casciano,Pesaro,11,9,75,54,3,0,3,0,21,3,1,0,1,27,28,20,11,107,112,5,13,40,34,0.327102804,0.1875,72,55,4,1,7,7,-0.041666667,-0.109090909,48,65,3,6,7,8,31,39,0.583333333,0.507692308,7,5,0,0,5,7
10/03/2018,22,127,Pesaro,Conegliano,9,4,95,90,3,1,4,1,5,2,1,0,1,48,42,22,21,139,134,11,15,51,50,0.287769784,0.26119403,94,91,6,6,11,10,-0.053191489,-0.043956044,81,83,8,10,19,23,37,38,0.358024691,0.337349398,11,10,0,0,10,11
10/03/2018,22,128,Monza,Bergamo,7,1,105,107,3,2,5,1,-2,1,0,1,1,49,29,25,19,182,132,15,7,65,47,0.274725275,0.303030303,104,108,8,1,25,15,-0.163461538,-0.12962963,93,79,4,13,14,10,41,28,0.397849462,0.189873418,15,7,0,0,7,15
10/03/2018,22,129,Casalmaggiore,Piacenza,3,10,105,103,2,3,5,1,2,-1,0,1,0,50,52,37,29,160,163,9,3,71,67,0.3875,0.392638037,106,102,4,8,8,11,-0.037735849,-0.029411765,91,98,13,9,12,22,19,26,0.065934066,0.173469388,6,12,32,19,12,6
10/03/2018,22,130,Scandicci,Busto Arsizio,12,2,110,98,3,2,5,1,12,1,1,1,1,53,43,26,18,168,165,15,11,70,57,0.327380952,0.278787879,109,97,5,3,11,9,-0.055045872,-0.06185567,88,98,5,6,11,12,58,61,0.602272727,0.56122449,6,15,0,0,15,6
10/03/2018,22,131,Filottrano,San Casciano,5,11,113,108,3,2,5,1,5,1,1,1,1,51,54,22,26,182,186,7,15,70,70,0.346153846,0.295698925,112,109,3,6,12,9,-0.080357143,-0.027522936,100,100,7,5,25,23,35,20,0.28,0.15,12,14,0,0,13,11
10/03/2018,22,132,Novara,Legnano,8,6,75,57,3,0,3,0,18,3,1,0,1,37,27,26,10,108,97,7,9,53,33,0.425925926,0.24742268,74,58,4,1,10,5,-0.081081081,-0.068965517,53,64,4,15,13,15,19,19,0.283018868,0.0625,4,4,0,0,4,4
